source_id,title,organization_or_authors,publication_year,source_type,url,license_or_reuse_note,access_date,topics_supported,evidence_strength_note,limitations,supports_paraphrased_records,manual_review_status
src-learn-review-001,Improving Students' Learning With Effective Learning Techniques: Promising Directions From Cognitive and Educational Psychology,John Dunlosky; Katherine A. Rawson; Elizabeth J. Marsh; Mitchell J. Nathan; Daniel T. Willingham,2013,peer_reviewed_evidence_review,https://pubmed.ncbi.nlm.nih.gov/26173288/,Publisher copyright; concise paraphrase and bibliographic metadata only unless reuse permission is confirmed.,2026-07-30,retrieval practice; distributed practice; interleaving; self-explanation; rereading; highlighting; study techniques,Major evidence review comparing ten learning techniques across conditions and learner characteristics.,"Broad review but evidence and utility vary by technique, task, population, and outcome; it does not establish one universal study schedule.",yes_with_citation_and_limitations,screened_stage_2
src-learn-spacing-002,Distributed Practice in Verbal Recall Tasks: A Review and Quantitative Synthesis,Nicholas J. Cepeda; Harold Pashler; Edward Vul; John T. Wixted; Doug Rohrer,2006,systematic_review_meta_analysis,https://pubmed.ncbi.nlm.nih.gov/16719566/,"APA copyright, all rights reserved; concise paraphrase and metadata only.",2026-07-30,spaced practice; retention interval; study scheduling,Meta-analysis covering 839 assessments from 317 experiments in 184 articles.,Focused on verbal recall and spacing variables; optimal intervals depend on the desired retention interval and cannot be reduced to one timer rule.,yes_with_citation_and_limitations,screened_stage_2
src-learn-retrieval-003,Test-Enhanced Learning: Taking Memory Tests Improves Long-Term Retention,Henry L. Roediger III; Jeffrey D. Karpicke,2006,peer_reviewed_primary_research,https://pubmed.ncbi.nlm.nih.gov/16507066/,Publisher copyright; concise paraphrase and metadata only.,2026-07-30,retrieval practice; delayed retention; prose learning,Two controlled experiments with educationally relevant prose and delayed tests.,Laboratory study with specific materials and delays; does not show that testing replaces practical performance or all other study activities.,yes_with_citation_and_limitations,screened_stage_2
src-learn-guide-004,Organizing Instruction and Study to Improve Student Learning,Harold Pashler; Patrice M. Bain; Brian A. Bottge; Arthur Graesser; Kenneth Koedinger; Mark McDaniel; Janet Metcalfe; U.S. Department of Education Institute of Education Sciences,2007,government_evidence_practice_guide,https://ies.ed.gov/ncee/wwc/PracticeGuide/1,"U.S. Department of Education publication; public-domain reuse expected for government text, with citation. Verify item-specific third-party material before reuse.",2026-07-30,spacing; worked examples; problem solving; quizzing; explanatory questions; study-time allocation,Official practice guide with explicit evidence ratings for recommendations.,Recommendations combine research and panel judgment and target instruction as well as study; apply according to task and context rather than as a cookbook.,yes_with_citation_and_limitations,screened_stage_2
src-learn-selfexplain-005,Self-Explanations: How Students Study and Use Examples in Learning to Solve Problems,Michelene T. H. Chi; Miriam Bassok; Matthew W. Lewis; Peter Reimann; Robert Glaser,1989,peer_reviewed_primary_research,https://doi.org/10.1207/s15516709cog1302_1,Copyright Cognitive Science Society; concise paraphrase and metadata only.,2026-07-30,self-explanation; worked examples; mechanics problem solving,Foundational analysis linking learner-generated explanations while studying examples to subsequent problem solving.,"Small, domain-specific study and older evidence; supports a mechanism and task pattern, not a universal effect size.",yes_with_citation_and_limitations,screened_stage_2
src-learn-interleave-006,The Shuffling of Mathematics Problems Improves Learning,Doug Rohrer; Kelli Taylor,2007,peer_reviewed_primary_research,https://eric.ed.gov/?id=EJ786797,"Springer copyright; ERIC metadata is reusable, but article text requires concise paraphrase only.",2026-07-30,interleaving; spacing; mathematics problem discrimination,Two experiments comparing spaced versus massed and mixed versus blocked mathematics practice.,"Higher-education mathematics tasks in controlled conditions; interleaving should be limited to suitable, confusable problem types and not generalized to arbitrary subject switching.",yes_with_citation_and_limitations,screened_stage_2
src-learn-conceptmap-007,Retrieval Practice Produces More Learning Than Elaborative Studying With Concept Mapping,Jeffrey D. Karpicke; Janell R. Blunt,2011,peer_reviewed_primary_research,https://pubmed.ncbi.nlm.nih.gov/21252317/,Science publisher copyright; concise paraphrase and metadata only.,2026-07-30,retrieval practice; concept mapping; science-text learning,Controlled experiments on meaningful learning from science texts.,The comparison and terminology have been challenged; do not use this study alone to claim retrieval practice is always superior to concept mapping.,yes_with_citation_and_limitations,screened_stage_2
src-learn-conceptmap-008,Re-examining the Testing Effect as a Learning Strategy: The Advantage of Retrieval Practice Over Concept Mapping as a Methodological Artifact,Roland Mayrhofer; Christof Kuhbandner; Katja Frischholz,2023,peer_reviewed_primary_research,https://pubmed.ncbi.nlm.nih.gov/38213612/,Open-access Frontiers article; exact Creative Commons license must be confirmed during Stage 3 before reuse beyond paraphrase.,2026-07-30,retrieval practice; concept mapping; methodological limitations,Preregistered study examining a potential memorization-time confound in earlier retrieval-versus-concept-mapping comparisons.,One study focused on a specific comparison; it narrows an overgeneralized claim rather than negating the broader retrieval-practice literature.,yes_with_citation_and_limitations,screened_stage_2
src-writing-guide-009,Teaching Secondary Students to Write Effectively,Steve Graham and What Works Clearinghouse panel; U.S. Department of Education Institute of Education Sciences,2016,government_evidence_practice_guide,https://ies.ed.gov/ncee/WWC/PracticeGuide/22/Published,The full guide states that it is in the public domain; citation is required and third-party material should be checked.,2026-07-30,writing strategies; model-practice-reflect; reading-writing integration; feedback,Official evidence-based practice guide with recommendation-specific evidence ratings; revised in 2019.,Targets grades 6-12 classroom instruction; independent study adaptations require judgment and the evidence differs by recommendation.,yes_with_citation_and_limitations,screened_stage_2
src-reading-guide-010,Improving Adolescent Literacy: Effective Classroom and Intervention Practices,Michael L. Kamil and What Works Clearinghouse panel; U.S. Department of Education Institute of Education Sciences,2008,government_evidence_practice_guide,https://ies.ed.gov/ncee/WWC/PracticeGuide/8/Published,"U.S. Department of Education publication; public-domain reuse expected for government text, with citation. Verify item-specific notices.",2026-07-30,vocabulary; reading comprehension; text discussion; adolescent literacy,Official practice guide with strong or moderate evidence ratings for core literacy recommendations.,Targets adolescent classroom and intervention practice; intensive interventions are outside the planner's self-study scope.,yes_with_citation_and_limitations,screened_stage_2
src-math-guide-011,Improving Mathematical Problem Solving in Grades 4 Through 8,John Woodward; Sybilla Beckmann; Mark Driscoll; Megan Franke; Patricia Herzig; Asha Jitendra; Kenneth R. Koedinger; Philip Ogbuehi; U.S. Department of Education Institute of Education Sciences,2012,government_evidence_practice_guide,https://ies.ed.gov/ncee/WWC/Docs/PracticeGuide/MPS_PG_043012.pdf,The guide explicitly states that it is in the public domain; cite the source. Revised October 2018.,2026-07-30,mathematical problem solving; visual representations; reflection; multiple strategies; notation,Official practice guide based on reviewed evidence and panel expertise.,Restricted to grades 4-8 mathematics problem solving; evidence ratings vary and should not be generalized to all university mathematics.,yes_with_citation_and_limitations,screened_stage_2
src-computing-curriculum-012,Computer Science Curricula 2023,ACM; IEEE Computer Society; AAAI Joint Task Force,2024,professional_curriculum_framework,https://csed.acm.org/final-report/,ACM/IEEE/AAAI copyright; use descriptive metadata and concise paraphrase only unless specific reuse terms are confirmed.,2026-07-30,computer science subject areas; programming; algorithms; software development; testing; debugging; learning outcomes,"Current professional curriculum framework describing knowledge areas, topics, practices, and illustrative outcomes.",Curriculum framework is descriptive rather than causal evidence for study-strategy effectiveness; institutional curricula vary. The report title uses 2023 and the final report is dated January 2024.,yes_for_descriptive_paraphrase,screened_stage_2
src-science-standards-013,Next Generation Science Standards,NGSS Lead States and Partners; site operated by WestEd,2013,curriculum_standard,https://www.nextgenscience.org/,Standards copyright is held by National Academies Press and trademarks by WestEd; use concise descriptive paraphrase and follow trademark guidance.,2026-07-30,school science; science and engineering practices; disciplinary core ideas; crosscutting concepts,Research-based K-12 standards that describe science learning practices and performance expectations.,Not a study-method effectiveness review; U.S.-focused and curriculum terminology may not transfer directly to other systems.,yes_for_descriptive_paraphrase,screened_stage_2
src-ergo-posture-014,Computer Workstations eTool: Good Working Positions,U.S. Occupational Safety and Health Administration,unknown_live_page,government_ergonomics_guidance,https://www.osha.gov/etools/computer-workstations/positions,U.S. federal government text is generally public domain; attribute OSHA and check third-party images or materials separately.,2026-07-30,neutral working positions; posture variation; workstation support; movement reminders,Authoritative occupational ergonomics guidance for computer workstations.,"Workplace guidance, not medical advice or student-specific clinical evidence; examples are not sensor thresholds and should not be converted into diagnosis rules.",yes_with_citation_and_nonmedical_scope,screened_stage_2
src-ergo-breaks-015,Working Safely with Display Screen Equipment: Work Routine and Breaks,UK Health and Safety Executive,2025,government_ergonomics_guidance,https://www.hse.gov.uk/msd/dse/work-routine.htm,"Open Government Licence v3.0 for Crown material, except where otherwise stated; exclude third-party media and logos.",2026-07-30,screen-work breaks; task variation; movement; posture change,"Current official guidance that favors short, frequent breaks or activity changes and explicitly says timing depends on the work.",UK workplace guidance rather than student-specific experimental evidence; example durations must not be treated as universal or medically confirmed.,yes_with_citation_and_nonmedical_scope,screened_stage_2
src-health-sedentary-016,WHO Guidelines on Physical Activity and Sedentary Behaviour,World Health Organization,2020,international_public_health_guideline,https://www.who.int/publications/b/55518,"CC BY-NC-SA 3.0 IGO; attribution, non-commercial, and share-alike terms apply; third-party material requires separate review.",2026-07-30,sedentary behaviour; physical activity; children; adolescents; adults,Evidence-based international public-health guideline covering sedentary behavior and physical activity across age groups.,"Population-level guidance, not a sensor contract, posture diagnosis, or specific study-session threshold; commercial reuse would require permission.",yes_with_citation_and_license_compliance,screened_stage_2
src-ergo-risk-017,Step 1: Identify Risk Factors,U.S. National Institute for Occupational Safety and Health,2024,government_ergonomics_guidance,https://www.cdc.gov/niosh/ergonomics/ergo-programs/risk-factors.html,Most CDC/NIOSH information is U.S. public domain with attribution and no-endorsement requirements; verify third-party exceptions and prefer linking.,2026-07-30,awkward posture; static posture; duration; frequency; ergonomics risk factors; data quality caution,"Current official NIOSH guidance describing risk factors and the importance of intensity, frequency, and duration.",Occupational risk guidance is not a diagnostic tool; it does not validate a consumer sensor or define student intervention thresholds.,yes_with_citation_and_nonmedical_scope,screened_stage_2
src-sitting-review-018,Workplace Interventions for Reducing Sitting at Work,Nipun Shrestha; Katriina T. Kukkonen-Harjula; Jos H. Verbeek; Simo Ijaz; Veerle Hermans; Zoli Pedisic,2018,systematic_review,https://pubmed.ncbi.nlm.nih.gov/29926475/,Cochrane/Wiley copyright; use concise paraphrase and bibliographic metadata only unless article license is confirmed.,2026-07-30,workplace sitting; prompts; activity breaks; intervention effectiveness,Cochrane systematic review evaluating workplace interventions to reduce sitting.,Evidence was limited or low quality for several interventions and relates to workplaces; it cannot establish hardware thresholds or one study-break schedule.,yes_with_citation_and_limitations,screened_stage_2
src-break-review-019,Work-Break Interventions for Preventing Musculoskeletal Symptoms and Disorders in Healthy Workers,Cochrane Work Group authors,2025,systematic_review,https://pubmed.ncbi.nlm.nih.gov/41060296/,Cochrane/Wiley copyright; use concise paraphrase and bibliographic metadata only unless article license is confirmed.,2026-07-30,work breaks; break frequency; break duration; musculoskeletal discomfort; evidence uncertainty,"Current Cochrane review reporting very uncertain evidence for different work-break frequencies, durations, and types.",Healthy-worker studies with small samples and uncertain evidence; supports caution and research gaps rather than a fixed break prescription for students.,yes_with_citation_and_limitations,screened_stage_2
